Abílio Santana ,dep.abiliosantana@camara.leg.br,Exmo. Senhor Deputado,531
Abou Anni ,dep.abouanni@camara.leg.br,Exmo. Senhor Deputado,339
Acácio Favacho ,dep.acaciofavacho@camara.leg.br,Exmo. Senhor Deputado,284
Adolfo Viana ,dep.adolfoviana@camara.leg.br,Exmo. Senhor Deputado,911
Adriana Ventura ,dep.adrianaventura@camara.leg.br,Exma. Senhora Deputada,802
Adriano do Baldy ,dep.adrianodobaldy@camara.leg.br,Exmo. Senhor Deputado,419
Aécio Neves ,dep.aecioneves@camara.leg.br,Exmo. Senhor Deputado,20
Afonso Florence ,dep.afonsoflorence@camara.leg.br,Exmo. Senhor Deputado,305
Afonso Hamm ,dep.afonsohamm@camara.leg.br,Exmo. Senhor Deputado,604
Afonso Motta ,dep.afonsomotta@camara.leg.br,Exmo. Senhor Deputado,528
Aguinaldo Ribeiro ,dep.aguinaldoribeiro@camara.leg.br,Exmo. Senhor Deputado,735
Airton Faleiro ,dep.airtonfaleiro@camara.leg.br,Exmo. Senhor Deputado,327
AJ Albuquerque,dep.ajalbuquerque@camara.leg.br,Exmo. Senhor Deputado,708
Alan Rick ,dep.alanrick@camara.leg.br,Exmo. Senhor Deputado,650
Alceu Moreira ,dep.alceumoreira@camara.leg.br,Exmo. Senhor Deputado,238
Alcides Rodrigues ,dep.alcidesrodrigues@camara.leg.br,Exmo. Senhor Deputado,332
Alê Silva ,dep.alesilva@camara.leg.br,Exma. Senhora Deputada,462
Alencar Santana Braga ,dep.alencarsantanabraga@camara.leg.br,Exmo. Senhor Deputado,239
Alessandro Molon ,dep.alessandromolon@camara.leg.br,Exmo. Senhor Deputado,304
Alex Manente ,dep.alexmanente@camara.leg.br,Exmo. Senhor Deputado,205
Alex Santana ,dep.alexsantana@camara.leg.br,Exmo. Senhor Deputado,541
Alexandre Frota ,dep.alexandrefrota@camara.leg.br,Exmo. Senhor Deputado,216
Alexandre Leite ,dep.alexandreleite@camara.leg.br,Exmo. Senhor Deputado,841
Alexandre Padilha ,dep.alexandrepadilha@camara.leg.br,Exmo. Senhor Deputado,956
Alexandre Serfiotis ,dep.alexandreserfiotis@camara.leg.br,Exmo. Senhor Deputado,554
Alexis Fonteyne ,dep.alexisfonteyne@camara.leg.br,Exmo. Senhor Deputado,845
Alice Portugal ,dep.aliceportugal@camara.leg.br,Exma. Senhora Deputada,420
Aliel Machado ,dep.alielmachado@camara.leg.br,Exmo. Senhor Deputado,220
Aline Gurgel ,dep.alinegurgel@camara.leg.br,Exma. Senhora Deputada,342
Aline Sleutjes ,dep.alinesleutjes@camara.leg.br,Exma. Senhora Deputada,550
Aluisio Mendes ,dep.aluisiomendes@camara.leg.br,Exmo. Senhor Deputado,931
Amaro Neto ,dep.amaroneto@camara.leg.br,Exmo. Senhor Deputado,515
André Abdon ,dep.andreabdon@camara.leg.br,Exmo. Senhor Deputado,831
André de Paula ,dep.andredepaula@camara.leg.br,Exmo. Senhor Deputado,754
André Ferreira ,dep.andreferreira@camara.leg.br,Exmo. Senhor Deputado,450
André Figueiredo ,dep.andrefigueiredo@camara.leg.br,Exmo. Senhor Deputado,940
André Fufuca ,dep.andrefufuca@camara.leg.br,Exmo. Senhor Deputado,945
André Janones ,dep.andrejanones@camara.leg.br,Exmo. Senhor Deputado,580
Angela Amin ,dep.angelaamin@camara.leg.br,Exma. Senhora Deputada,252
Antonio Brito ,dep.antoniobrito@camara.leg.br,Exmo. Senhor Deputado,479
Arlindo Chinaglia ,dep.arlindochinaglia@camara.leg.br,Exmo. Senhor Deputado,4
Arnaldo Jardim ,dep.arnaldojardim@camara.leg.br,Exmo. Senhor Deputado,245
Aroldo Martins ,dep.aroldomartins@camara.leg.br,Exmo. Senhor Deputado,437
Arthur Lira ,dep.arthurlira@camara.leg.br,Exmo. Senhor Deputado,942
Arthur Oliveira Maia ,dep.arthuroliveiramaia@camara.leg.br,Exmo. Senhor Deputado,830
Átila Lins ,dep.atilalins@camara.leg.br,Exmo. Senhor Deputado,730
Átila Lira ,dep.atilalira@camara.leg.br,Exmo. Senhor Deputado,640
Augusto Coutinho ,dep.augustocoutinho@camara.leg.br,Exmo. Senhor Deputado,314
Áurea Carolina ,dep.aureacarolina@camara.leg.br,Exma. Senhora Deputada,619
Aureo Ribeiro ,dep.aureoribeiro@camara.leg.br,Exmo. Senhor Deputado,212
Bacelar ,dep.bacelar@camara.leg.br,Exmo. Senhor Deputado,381
Baleia Rossi ,dep.baleiarossi@camara.leg.br,Exmo. Senhor Deputado,829
Benedita da Silva ,dep.beneditadasilva@camara.leg.br,Exma. Senhora Deputada,330
Benes Leocádio ,dep.benesleocadio@camara.leg.br,Exmo. Senhor Deputado,417
Beto Faro ,dep.betofaro@camara.leg.br,Exmo. Senhor Deputado,723
Beto Pereira ,dep.betopereira@camara.leg.br,Exmo. Senhor Deputado,240
Beto Rosado ,dep.betorosado@camara.leg.br,Exmo. Senhor Deputado,840
Bia Cavassa ,dep.biacavassa@camara.leg.br,Exma. Senhora Deputada,448
Bia Kicis ,dep.biakicis@camara.leg.br,Exma. Senhora Deputada,309
Bibo Nunes ,dep.bibonunes@camara.leg.br,Exmo. Senhor Deputado,518
Bilac Pinto ,dep.bilacpinto@camara.leg.br,Exmo. Senhor Deputado,806
Bira do Pindaré ,dep.biradopindare@camara.leg.br,Exmo. Senhor Deputado,480
Boca Aberta ,dep.bocaaberta@camara.leg.br,Exmo. Senhor Deputado,384
Bohn Gass ,dep.bohngass@camara.leg.br,Exmo. Senhor Deputado,469
Bosco Costa ,dep.boscocosta@camara.leg.br,Exmo. Senhor Deputado,742
Bosco Saraiva ,dep.boscosaraiva@camara.leg.br,Exmo. Senhor Deputado,404
Bozzella,dep.bozzella@camara.leg.br,Exmo. Senhor Deputado,582
Bruna Furlan ,dep.brunafurlan@camara.leg.br,Exma. Senhora Deputada,836
Cacá Leão ,dep.cacaleao@camara.leg.br,Exmo. Senhor Deputado,320
Camilo Capiberibe ,dep.camilocapiberibe@camara.leg.br,Exmo. Senhor Deputado,209
Capitão Alberto Neto ,dep.capitaoalbertoneto@camara.leg.br,Exmo. Senhor Deputado,933
Capitão Augusto ,dep.capitaoaugusto@camara.leg.br,Exmo. Senhor Deputado,358
Capitão Fábio Abreu ,dep.capitaofabioabreu@camara.leg.br,Exmo. Senhor Deputado,202
Carla Dickson,dep.carladickson@camara.leg.br,Exma. Senhora Deputada,706
Carla Zambelli ,dep.carlazambelli@camara.leg.br,Exma. Senhora Deputada,482
Carlos Bezerra ,dep.carlosbezerra@camara.leg.br,Exmo. Senhor Deputado,815
Carlos Chiodini ,dep.carloschiodini@camara.leg.br,Exmo. Senhor Deputado,925
Carlos Gomes ,dep.carlosgomes@camara.leg.br,Exmo. Senhor Deputado,285
Carlos Henrique Gaguim ,dep.carloshenriquegaguim@camara.leg.br,Exmo. Senhor Deputado,214
Carlos Jordy ,dep.carlosjordy@camara.leg.br,Exmo. Senhor Deputado,383
Carlos Sampaio ,dep.carlossampaio@camara.leg.br,Exmo. Senhor Deputado,207
Carlos Veras ,dep.carlosveras@camara.leg.br,Exmo. Senhor Deputado,466
Carlos Zarattini ,dep.carloszarattini@camara.leg.br,Exmo. Senhor Deputado,808
Carmen Zanotto ,dep.carmenzanotto@camara.leg.br,Exma. Senhora Deputada,418
Caroline de Toni ,dep.carolinedetoni@camara.leg.br,Exma. Senhora Deputada,476
Cássio Andrade ,dep.cassioandrade@camara.leg.br,Exmo. Senhor Deputado,433
Célio Moura ,dep.celiomoura@camara.leg.br,Exmo. Senhor Deputado,832
Célio Silveira ,dep.celiosilveira@camara.leg.br,Exmo. Senhor Deputado,511
Célio Studart ,dep.celiostudart@camara.leg.br,Exmo. Senhor Deputado,519
Celso Maldaner ,dep.celsomaldaner@camara.leg.br,Exmo. Senhor Deputado,311
Celso Russomanno ,dep.celsorussomanno@camara.leg.br,Exmo. Senhor Deputado,960
Celso Sabino ,dep.celsosabino@camara.leg.br,Exmo. Senhor Deputado,282
Cezinha de Madureira ,dep.cezinhademadureira@camara.leg.br,Exmo. Senhor Deputado,533
Charles Fernandes ,dep.charlesfernandes@camara.leg.br,Exmo. Senhor Deputado,587
Charlles Evangelista ,dep.charllesevangelista@camara.leg.br,Exmo. Senhor Deputado,517
Chico D'Angelo ,dep.chicodangelo@camara.leg.br,Exmo. Senhor Deputado,542
Chiquinho Brazão ,dep.chiquinhobrazao@camara.leg.br,Exmo. Senhor Deputado,507
Chris Tonietto ,dep.christonietto@camara.leg.br,Exma. Senhora Deputada,446
Christiane de Souza Yared ,dep.christianedesouzayared@camara.leg.br,Exma. Senhora Deputada,201
Christino Aureo ,dep.christinoaureo@camara.leg.br,Exmo. Senhor Deputado,227
Clarissa Garotinho ,dep.clarissagarotinho@camara.leg.br,Exma. Senhora Deputada,714
Claudio Cajado ,dep.claudiocajado@camara.leg.br,Exmo. Senhor Deputado,630
Cleber Verde ,dep.cleberverde@camara.leg.br,Exmo. Senhor Deputado,710
Coronel Armando ,dep.coronelarmando@camara.leg.br,Exmo. Senhor Deputado,268
Coronel Chrisóstomo ,dep.coronelchrisostomo@camara.leg.br,Exmo. Senhor Deputado,458
Coronel Tadeu ,dep.coroneltadeu@camara.leg.br,Exmo. Senhor Deputado,756
Cristiano Vale ,dep.cristianovale@camara.leg.br,Exmo. Senhor Deputado,822
Da Vitoria ,dep.davitoria@camara.leg.br,Exmo. Senhor Deputado,579
Dagoberto Nogueira ,dep.dagobertonogueira@camara.leg.br,Exmo. Senhor Deputado,522
Damião Feliciano ,dep.damiaofeliciano@camara.leg.br,Exmo. Senhor Deputado,938
Daniel Almeida ,dep.danielalmeida@camara.leg.br,Exmo. Senhor Deputado,317
Daniel Coelho ,dep.danielcoelho@camara.leg.br,Exmo. Senhor Deputado,813
Daniel Freitas ,dep.danielfreitas@camara.leg.br,Exmo. Senhor Deputado,273
Daniel Silveira ,dep.danielsilveira@camara.leg.br,Exmo. Senhor Deputado,403
Daniel Trzeciak ,dep.danieltrzeciak@camara.leg.br,Exmo. Senhor Deputado,917
Daniela do Waguinho ,dep.danieladowaguinho@camara.leg.br,Exma. Senhora Deputada,950
Danilo Cabral ,dep.danilocabral@camara.leg.br,Exmo. Senhor Deputado,423
Danilo Forte,dep.daniloforte@camara.leg.br,Exmo. Senhor Deputado,219
Danrlei de Deus Hinterholz ,dep.danrleidedeushinterholz@camara.leg.br,Exmo. Senhor Deputado,566
David Miranda ,dep.davidmiranda@camara.leg.br,Exmo. Senhor Deputado,267
David Soares ,dep.davidsoares@camara.leg.br,Exmo. Senhor Deputado,741
Delegado Antônio Furtado ,dep.delegadoantoniofurtado@camara.leg.br,Exmo. Senhor Deputado,602
Delegado Éder Mauro ,dep.delegadoedermauro@camara.leg.br,Exmo. Senhor Deputado,586
Delegado Marcelo Freitas ,dep.delegadomarcelofreitas@camara.leg.br,Exmo. Senhor Deputado,548
Delegado Pablo ,dep.delegadopablo@camara.leg.br,Exmo. Senhor Deputado,373
Delegado Waldir ,dep.delegadowaldir@camara.leg.br,Exmo. Senhor Deputado,645
Denis Bezerra ,dep.denisbezerra@camara.leg.br,Exmo. Senhor Deputado,625
Deuzinho Filho,dep.deuzinhofilho@camara.leg.br,Exmo. Senhor Deputado,545
Diego Andrade ,dep.diegoandrade@camara.leg.br,Exmo. Senhor Deputado,307
Diego Garcia ,dep.diegogarcia@camara.leg.br,Exmo. Senhor Deputado,910
Dimas Fabiano ,dep.dimasfabiano@camara.leg.br,Exmo. Senhor Deputado,736
Domingos Sávio ,dep.domingossavio@camara.leg.br,Exmo. Senhor Deputado,345
Dr. Agripino Magalhães,dep.dr.agripinomagalhaes@camara.leg.br,Exmo. Senhor Deputado,711
Dr. Frederico ,dep.dr.frederico@camara.leg.br,Exmo. Senhor Deputado,568
Dr. Jaziel ,dep.dr.jaziel@camara.leg.br,Exmo. Senhor Deputado,705
Dr. João,dep.dr.joao@camara.leg.br,Exmo. Senhor Deputado,352
Dr. Leonardo ,dep.dr.leonardo@camara.leg.br,Exmo. Senhor Deputado,445
Dr. Luiz Antonio Teixeira Jr. ,dep.dr.luizantonioteixeirajr@camara.leg.br,Exmo. Senhor Deputado,577
Dr. Luiz Ovando ,dep.dr.luizovando@camara.leg.br,Exmo. Senhor Deputado,644
Dr. Sinval Malheiros,dep.dr.sinvalmalheiros@camara.leg.br,Exmo. Senhor Deputado,717
Dr. Zacharias Calil ,dep.dr.zachariascalil@camara.leg.br,Exmo. Senhor Deputado,616
Dra. Soraya Manato ,dep.dra.sorayamanato@camara.leg.br,Exma. Senhora Deputada,313
Dra. Vanda Milani ,dep.dra.vandamilani@camara.leg.br,Exma. Senhora Deputada,516
Dulce Miranda ,dep.dulcemiranda@camara.leg.br,Exma. Senhora Deputada,530
Edilázio Júnior ,dep.edilaziojunior@camara.leg.br,Exmo. Senhor Deputado,862
Edio Lopes ,dep.ediolopes@camara.leg.br,Exmo. Senhor Deputado,408
Edmilson Rodrigues ,dep.edmilsonrodrigues@camara.leg.br,Exmo. Senhor Deputado,301
Edna Henrique ,dep.ednahenrique@camara.leg.br,Exma. Senhora Deputada,962
Eduardo Barbosa ,dep.eduardobarbosa@camara.leg.br,Exmo. Senhor Deputado,540
Eduardo Bismarck ,dep.eduardobismarck@camara.leg.br,Exmo. Senhor Deputado,652
Eduardo Bolsonaro ,dep.eduardobolsonaro@camara.leg.br,Exmo. Senhor Deputado,350
Eduardo Braide ,dep.eduardobraide@camara.leg.br,Exmo. Senhor Deputado,578
Eduardo Costa ,dep.eduardocosta@camara.leg.br,Exmo. Senhor Deputado,286
Eduardo Cury ,dep.eduardocury@camara.leg.br,Exmo. Senhor Deputado,368
Eduardo da Fonte ,dep.eduardodafonte@camara.leg.br,Exmo. Senhor Deputado,628
Efraim Filho ,dep.efraimfilho@camara.leg.br,Exmo. Senhor Deputado,744
Elcione Barbalho ,dep.elcionebarbalho@camara.leg.br,Exma. Senhora Deputada,206
Eli Borges ,dep.eliborges@camara.leg.br,Exmo. Senhor Deputado,248
Eli Corrêa Filho ,dep.elicorreafilho@camara.leg.br,Exmo. Senhor Deputado,850
Elias Vaz ,dep.eliasvaz@camara.leg.br,Exmo. Senhor Deputado,303
Elmar Nascimento ,dep.elmarnascimento@camara.leg.br,Exmo. Senhor Deputado,935
Emanuel Pinheiro Neto ,dep.emanuelpinheironeto@camara.leg.br,Exmo. Senhor Deputado,374
Emidinho Madeira ,dep.emidinhomadeira@camara.leg.br,Exmo. Senhor Deputado,837
Enéias Reis ,dep.eneiasreis@camara.leg.br,Exmo. Senhor Deputado,824
Enio Verri ,dep.enioverri@camara.leg.br,Exmo. Senhor Deputado,627
Enrico Misasi ,dep.enricomisasi@camara.leg.br,Exmo. Senhor Deputado,574
Erika Kokay ,dep.erikakokay@camara.leg.br,Exma. Senhora Deputada,203
Eros Biondini ,dep.erosbiondini@camara.leg.br,Exmo. Senhor Deputado,321
Euclydes Pettersen ,dep.euclydespettersen@camara.leg.br,Exmo. Senhor Deputado,456
Evair Vieira de Melo ,dep.evairvieirademelo@camara.leg.br,Exmo. Senhor Deputado,443
Expedito Netto ,dep.expeditonetto@camara.leg.br,Exmo. Senhor Deputado,943
Fábio Henrique ,dep.fabiohenrique@camara.leg.br,Exmo. Senhor Deputado,475
Fábio Mitidieri ,dep.fabiomitidieri@camara.leg.br,Exmo. Senhor Deputado,278
Fábio Ramalho ,dep.fabioramalho@camara.leg.br,Exmo. Senhor Deputado,826
Fabio Reis ,dep.fabioreis@camara.leg.br,Exmo. Senhor Deputado,410
Fabio Schiochet ,dep.fabioschiochet@camara.leg.br,Exmo. Senhor Deputado,758
Fábio Trad ,dep.fabiotrad@camara.leg.br,Exmo. Senhor Deputado,452
Fausto Pinato ,dep.faustopinato@camara.leg.br,Exmo. Senhor Deputado,562
Felício Laterça ,dep.feliciolaterca@camara.leg.br,Exmo. Senhor Deputado,275
Felipe Carreras ,dep.felipecarreras@camara.leg.br,Exmo. Senhor Deputado,318
Felipe Francischini ,dep.felipefrancischini@camara.leg.br,Exmo. Senhor Deputado,265
Felipe Rigoni ,dep.feliperigoni@camara.leg.br,Exmo. Senhor Deputado,846
Félix Mendonça Júnior ,dep.felixmendoncajunior@camara.leg.br,Exmo. Senhor Deputado,912
Fernanda Melchionna ,dep.fernandamelchionna@camara.leg.br,Exma. Senhora Deputada,621
Fernando Coelho Filho ,dep.fernandocoelhofilho@camara.leg.br,Exmo. Senhor Deputado,662
Fernando Monteiro ,dep.fernandomonteiro@camara.leg.br,Exmo. Senhor Deputado,243
Fernando Rodolfo ,dep.fernandorodolfo@camara.leg.br,Exmo. Senhor Deputado,481
Filipe Barros ,dep.filipebarros@camara.leg.br,Exmo. Senhor Deputado,745
Flávia Arruda ,dep.flaviaarruda@camara.leg.br,Exma. Senhora Deputada,646
Flávia Morais ,dep.flaviamorais@camara.leg.br,Exma. Senhora Deputada,738
Flaviano Melo ,dep.flavianomelo@camara.leg.br,Exmo. Senhor Deputado,224
Flávio Nogueira ,dep.flavionogueira@camara.leg.br,Exmo. Senhor Deputado,811
Flordelis ,dep.flordelis@camara.leg.br,Exma. Senhora Deputada,612
Francisco Jr. ,dep.franciscojr@camara.leg.br,Exmo. Senhor Deputado,643
Franco Cartafina ,dep.francocartafina@camara.leg.br,Exmo. Senhor Deputado,283
Fred Costa ,dep.fredcosta@camara.leg.br,Exmo. Senhor Deputado,633
Frei Anastacio Ribeiro ,dep.freianastacioribeiro@camara.leg.br,Exmo. Senhor Deputado,442
Gastão Vieira ,dep.gastaovieira@camara.leg.br,Exmo. Senhor Deputado,370
Gelson Azevedo ,dep.gelsonazevedo@camara.leg.br,Exmo. Senhor Deputado,369
Genecias Noronha ,dep.geneciasnoronha@camara.leg.br,Exmo. Senhor Deputado,244
General Girão ,dep.generalgirao@camara.leg.br,Exmo. Senhor Deputado,914
General Peternelli ,dep.generalpeternelli@camara.leg.br,Exmo. Senhor Deputado,570
Geninho Zuliani ,dep.geninhozuliani@camara.leg.br,Exmo. Senhor Deputado,860
Geovania de Sá ,dep.geovaniadesa@camara.leg.br,Exma. Senhora Deputada,606
Gervásio Maia ,dep.gervasiomaia@camara.leg.br,Exmo. Senhor Deputado,308
Giacobo ,dep.giacobo@camara.leg.br,Exmo. Senhor Deputado,762
Gil Cutrim ,dep.gilcutrim@camara.leg.br,Exmo. Senhor Deputado,385
Gilberto Abramo ,dep.gilbertoabramo@camara.leg.br,Exmo. Senhor Deputado,601
Gilberto Nascimento ,dep.gilbertonascimento@camara.leg.br,Exmo. Senhor Deputado,834
Gilson Marques ,dep.gilsonmarques@camara.leg.br,Exmo. Senhor Deputado,431
Giovani Cherini ,dep.giovanicherini@camara.leg.br,Exmo. Senhor Deputado,468
Giovani Feltes ,dep.giovanifeltes@camara.leg.br,Exmo. Senhor Deputado,376
Glauber Braga ,dep.glauberbraga@camara.leg.br,Exmo. Senhor Deputado,362
Glaustin da Fokus,dep.glaustindafokus@camara.leg.br,Exmo. Senhor Deputado,473
Gleisi Hoffmann ,dep.gleisihoffmann@camara.leg.br,Exma. Senhora Deputada,232
Gonzaga Patriota ,dep.gonzagapatriota@camara.leg.br,Exmo. Senhor Deputado,430
Greyce Elias ,dep.greyceelias@camara.leg.br,Exma. Senhora Deputada,340
Guiga Peixoto ,dep.guigapeixoto@camara.leg.br,Exmo. Senhor Deputado,333
Guilherme Derrite ,dep.guilhermederrite@camara.leg.br,Exmo. Senhor Deputado,639
Guilherme Mussi ,dep.guilhermemussi@camara.leg.br,Exmo. Senhor Deputado,712
Gurgel ,dep.gurgel@camara.leg.br,Exmo. Senhor Deputado,937
Gustavo Fruet ,dep.gustavofruet@camara.leg.br,Exmo. Senhor Deputado,827
Gustinho Ribeiro ,dep.gustinhoribeiro@camara.leg.br,Exmo. Senhor Deputado,379
Gutemberg Reis ,dep.gutembergreis@camara.leg.br,Exmo. Senhor Deputado,856
Haroldo Cathedral ,dep.haroldocathedral@camara.leg.br,Exmo. Senhor Deputado,280
Heitor Freire ,dep.heitorfreire@camara.leg.br,Exmo. Senhor Deputado,367
Heitor Schuch ,dep.heitorschuch@camara.leg.br,Exmo. Senhor Deputado,277
Helder Salomão ,dep.heldersalomao@camara.leg.br,Exmo. Senhor Deputado,573
Hélio Costa ,dep.heliocosta@camara.leg.br,Exmo. Senhor Deputado,609
Hélio Leite ,dep.helioleite@camara.leg.br,Exmo. Senhor Deputado,930
Helio Lopes ,dep.heliolopes@camara.leg.br,Exmo. Senhor Deputado,405
Henrique Fontana ,dep.henriquefontana@camara.leg.br,Exmo. Senhor Deputado,256
Hercílio Coelho Diniz ,dep.herciliocoelhodiniz@camara.leg.br,Exmo. Senhor Deputado,510
Herculano Passos ,dep.herculanopassos@camara.leg.br,Exmo. Senhor Deputado,926
Hermes Parcianello ,dep.hermesparcianello@camara.leg.br,Exmo. Senhor Deputado,234
Hildo Rocha ,dep.hildorocha@camara.leg.br,Exmo. Senhor Deputado,734
Hiran Gonçalves ,dep.hirangoncalves@camara.leg.br,Exmo. Senhor Deputado,478
Hugo Leal ,dep.hugoleal@camara.leg.br,Exmo. Senhor Deputado,631
Hugo Motta ,dep.hugomotta@camara.leg.br,Exmo. Senhor Deputado,237
Idilvan Alencar ,dep.idilvanalencar@camara.leg.br,Exmo. Senhor Deputado,737
Igor Kannário ,dep.igorkannario@camara.leg.br,Exmo. Senhor Deputado,337
Igor Timo ,dep.igortimo@camara.leg.br,Exmo. Senhor Deputado,726
Iracema Portella ,dep.iracemaportella@camara.leg.br,Exma. Senhora Deputada,924
Isnaldo Bulhões Jr. ,dep.isnaldobulhoesjr@camara.leg.br,Exmo. Senhor Deputado,460
Ivan Valente ,dep.ivanvalente@camara.leg.br,Exmo. Senhor Deputado,716
Jandira Feghali ,dep.jandirafeghali@camara.leg.br,Exma. Senhora Deputada,622
Jaqueline Cassol ,dep.jaquelinecassol@camara.leg.br,Exma. Senhora Deputada,242
Jefferson Campos ,dep.jeffersoncampos@camara.leg.br,Exmo. Senhor Deputado,346
Jerônimo Goergen ,dep.jeronimogoergen@camara.leg.br,Exmo. Senhor Deputado,316
Jéssica Sales ,dep.jessicasales@camara.leg.br,Exma. Senhora Deputada,952
Jesus Sérgio ,dep.jesussergio@camara.leg.br,Exmo. Senhor Deputado,941
Jhc,dep.jhc@camara.leg.br,Exmo. Senhor Deputado,958
Jhonatan de Jesus ,dep.jhonatandejesus@camara.leg.br,Exmo. Senhor Deputado,535
João Campos ,dep.joaocampos@camara.leg.br,Exmo. Senhor Deputado,315
João Carlos Bacelar ,dep.joaocarlosbacelar@camara.leg.br,Exmo. Senhor Deputado,928
João Daniel ,dep.joaodaniel@camara.leg.br,Exmo. Senhor Deputado,605
João H. Campos ,dep.joaohcampos@camara.leg.br,Exmo. Senhor Deputado,409
João Maia ,dep.joaomaia@camara.leg.br,Exmo. Senhor Deputado,439
João Marcelo Souza ,dep.joaomarcelosouza@camara.leg.br,Exmo. Senhor Deputado,506
João Roma ,dep.joaoroma@camara.leg.br,Exmo. Senhor Deputado,276
Joaquim Passarinho ,dep.joaquimpassarinho@camara.leg.br,Exmo. Senhor Deputado,334
Joenia Wapichana ,dep.joeniawapichana@camara.leg.br,Exma. Senhora Deputada,231
Joice Hasselmann ,dep.joicehasselmann@camara.leg.br,Exma. Senhora Deputada,825
Jorge Braz ,dep.jorgebraz@camara.leg.br,Exmo. Senhor Deputado,213
Jorge Solla ,dep.jorgesolla@camara.leg.br,Exmo. Senhor Deputado,571
José Airton Félix Cirilo ,dep.joseairtonfelixcirilo@camara.leg.br,Exmo. Senhor Deputado,319
José Guimarães ,dep.joseguimaraes@camara.leg.br,Exmo. Senhor Deputado,306
Jose Mario Schreiner ,dep.josemarioschreiner@camara.leg.br,Exmo. Senhor Deputado,567
José Medeiros ,dep.josemedeiros@camara.leg.br,Exmo. Senhor Deputado,335
José Nelto ,dep.josenelto@camara.leg.br,Exmo. Senhor Deputado,703
José Nunes ,dep.josenunes@camara.leg.br,Exmo. Senhor Deputado,728
José Priante ,dep.josepriante@camara.leg.br,Exmo. Senhor Deputado,752
José Ricardo ,dep.josericardo@camara.leg.br,Exmo. Senhor Deputado,411
José Rocha ,dep.joserocha@camara.leg.br,Exmo. Senhor Deputado,908
Joseildo Ramos ,dep.joseildoramos@camara.leg.br,Exmo. Senhor Deputado,642
Josimar Maranhãozinho ,dep.josimarmaranhaozinho@camara.leg.br,Exmo. Senhor Deputado,715
Juarez Costa ,dep.juarezcosta@camara.leg.br,Exmo. Senhor Deputado,472
Julian Lemos ,dep.julianlemos@camara.leg.br,Exmo. Senhor Deputado,272
Júlio Cesar ,dep.juliocesar@camara.leg.br,Exmo. Senhor Deputado,944
Julio Cesar Ribeiro ,dep.juliocesarribeiro@camara.leg.br,Exmo. Senhor Deputado,471
Júlio Delgado ,dep.juliodelgado@camara.leg.br,Exmo. Senhor Deputado,323
Juninho do Pneu ,dep.juninhodopneu@camara.leg.br,Exmo. Senhor Deputado,641
Junio Amaral ,dep.junioamaral@camara.leg.br,Exmo. Senhor Deputado,302
Júnior Ferrari ,dep.juniorferrari@camara.leg.br,Exmo. Senhor Deputado,919
Júnior Mano ,dep.juniormano@camara.leg.br,Exmo. Senhor Deputado,807
Juscelino Filho ,dep.juscelinofilho@camara.leg.br,Exmo. Senhor Deputado,222
Kim Kataguiri ,dep.kimkataguiri@camara.leg.br,Exmo. Senhor Deputado,421
Laercio Oliveira ,dep.laerciooliveira@camara.leg.br,Exmo. Senhor Deputado,629
Lafayette de Andrada ,dep.lafayettedeandrada@camara.leg.br,Exmo. Senhor Deputado,208
Lauriete ,dep.lauriete@camara.leg.br,Exma. Senhora Deputada,223
Leandre ,dep.leandre@camara.leg.br,Exma. Senhora Deputada,454
Leda Sadala ,dep.ledasadala@camara.leg.br,Exma. Senhora Deputada,611
Léo Moraes ,dep.leomoraes@camara.leg.br,Exmo. Senhor Deputado,503
Léo Motta ,dep.leomotta@camara.leg.br,Exmo. Senhor Deputado,724
Leonardo Monteiro ,dep.leonardomonteiro@camara.leg.br,Exmo. Senhor Deputado,922
Leônidas Cristino ,dep.leonidascristino@camara.leg.br,Exmo. Senhor Deputado,948
Leur Lomanto Júnior ,dep.leurlomantojunior@camara.leg.br,Exmo. Senhor Deputado,406
Lídice da Mata ,dep.lidicedamata@camara.leg.br,Exma. Senhora Deputada,913
Lincoln Portela ,dep.lincolnportela@camara.leg.br,Exmo. Senhor Deputado,615
Liziane Bayer ,dep.lizianebayer@camara.leg.br,Exma. Senhora Deputada,538
Loester Trutis ,dep.loestertrutis@camara.leg.br,Exmo. Senhor Deputado,380
Lourival Gomes ,dep.lourivalgomes@camara.leg.br,Exmo. Senhor Deputado,636
Lucas Gonzalez ,dep.lucasgonzalez@camara.leg.br,Exmo. Senhor Deputado,581
Lucas Redecker ,dep.lucasredecker@camara.leg.br,Exmo. Senhor Deputado,905
Lucas Vergilio ,dep.lucasvergilio@camara.leg.br,Exmo. Senhor Deputado,816
Luciano Bivar ,dep.lucianobivar@camara.leg.br,Exmo. Senhor Deputado,215
Luciano Ducci ,dep.lucianoducci@camara.leg.br,Exmo. Senhor Deputado,427
Lucio Mosquini ,dep.luciomosquini@camara.leg.br,Exmo. Senhor Deputado,918
Luis Miranda ,dep.luismiranda@camara.leg.br,Exmo. Senhor Deputado,241
Luis Tibé ,dep.luistibe@camara.leg.br,Exmo. Senhor Deputado,632
Luisa Canziani ,dep.luisacanziani@camara.leg.br,Exma. Senhora Deputada,842
Luiz Antônio Corrêa ,dep.luizantoniocorrea@camara.leg.br,Exmo. Senhor Deputado,610
Luiz Carlos ,dep.luizcarlos@camara.leg.br,Exmo. Senhor Deputado,512
Luiz Carlos Motta ,dep.luizcarlosmotta@camara.leg.br,Exmo. Senhor Deputado,415
Luiz Lima ,dep.luizlima@camara.leg.br,Exmo. Senhor Deputado,504
Luiz Nishimori ,dep.luiznishimori@camara.leg.br,Exmo. Senhor Deputado,907
Luiz Philippe de Orleans e Bragança ,dep.luizphilippedeorleansebraganca@camara.leg.br,Exmo. Senhor Deputado,719
Luiza Erundina ,dep.luizaerundina@camara.leg.br,Exma. Senhora Deputada,620
Luizão Goulart ,dep.luizaogoulart@camara.leg.br,Exmo. Senhor Deputado,218
Luizianne Lins ,dep.luiziannelins@camara.leg.br,Exma. Senhora Deputada,713
Magda Mofatto ,dep.magdamofatto@camara.leg.br,Exma. Senhora Deputada,934
Major Fabiana ,dep.majorfabiana@camara.leg.br,Exma. Senhora Deputada,509
Manuel Marcos ,dep.manuelmarcos@camara.leg.br,Exmo. Senhor Deputado,572
Mara Rocha ,dep.mararocha@camara.leg.br,Exma. Senhora Deputada,607
Marcão Gomes ,dep.marcaogomes@camara.leg.br,Exmo. Senhor Deputado,336
Marcel van Hattem,dep.marcelvanhattem@camara.leg.br,Exmo. Senhor Deputado,271
Marcelo Aro ,dep.marceloaro@camara.leg.br,Exmo. Senhor Deputado,821
Marcelo Brum ,dep.marcelobrum@camara.leg.br,Exmo. Senhor Deputado,828
Marcelo Calero ,dep.marcelocalero@camara.leg.br,Exmo. Senhor Deputado,939
Marcelo Freixo ,dep.marcelofreixo@camara.leg.br,Exmo. Senhor Deputado,725
Marcelo Moraes ,dep.marcelomoraes@camara.leg.br,Exmo. Senhor Deputado,258
Marcelo Nilo ,dep.marcelonilo@camara.leg.br,Exmo. Senhor Deputado,520
Marcelo Ramos ,dep.marceloramos@camara.leg.br,Exmo. Senhor Deputado,805
Marcio Alvino ,dep.marcioalvino@camara.leg.br,Exmo. Senhor Deputado,331
Márcio Biolchi ,dep.marciobiolchi@camara.leg.br,Exmo. Senhor Deputado,843
Márcio Jerry ,dep.marciojerry@camara.leg.br,Exmo. Senhor Deputado,372
Márcio Labre ,dep.marciolabre@camara.leg.br,Exmo. Senhor Deputado,325
Márcio Marinho ,dep.marciomarinho@camara.leg.br,Exmo. Senhor Deputado,326
Marco Bertaiolli ,dep.marcobertaiolli@camara.leg.br,Exmo. Senhor Deputado,401
Marcon ,dep.marcon@camara.leg.br,Exmo. Senhor Deputado,569
Marcos Aurélio Sampaio ,dep.marcosaureliosampaio@camara.leg.br,Exmo. Senhor Deputado,565
Marcos Pereira ,dep.marcospereira@camara.leg.br,Exmo. Senhor Deputado,523
Margarete Coelho ,dep.margaretecoelho@camara.leg.br,Exma. Senhora Deputada,210
Margarida Salomão ,dep.margaridasalomao@camara.leg.br,Exma. Senhora Deputada,236
Maria do Rosário ,dep.mariadorosario@camara.leg.br,Exma. Senhora Deputada,312
Maria Rosas ,dep.mariarosas@camara.leg.br,Exma. Senhora Deputada,436
Mariana Carvalho ,dep.marianacarvalho@camara.leg.br,Exma. Senhora Deputada,508
Marília Arraes ,dep.mariliaarraes@camara.leg.br,Exma. Senhora Deputada,654
Marina Santos ,dep.marinasantos@camara.leg.br,Exma. Senhora Deputada,434
Mário Heringer ,dep.marioheringer@camara.leg.br,Exmo. Senhor Deputado,211
Mário Negromonte Jr. ,dep.marionegromontejr@camara.leg.br,Exmo. Senhor Deputado,424
Marlon Santos ,dep.marlonsantos@camara.leg.br,Exmo. Senhor Deputado,760
Marreca Filho ,dep.marrecafilho@camara.leg.br,Exmo. Senhor Deputado,537
Marx Beltrão ,dep.marxbeltrao@camara.leg.br,Exmo. Senhor Deputado,722
Maurício Dziedricki ,dep.mauriciodziedricki@camara.leg.br,Exmo. Senhor Deputado,576
Mauro Benevides Filho ,dep.maurobenevidesfilho@camara.leg.br,Exmo. Senhor Deputado,731
Mauro Lopes ,dep.maurolopes@camara.leg.br,Exmo. Senhor Deputado,844
Mauro Nazif ,dep.mauronazif@camara.leg.br,Exmo. Senhor Deputado,818
Merlong Solano ,dep.merlongsolano@camara.leg.br,Exmo. Senhor Deputado,909
Miguel Lombardi ,dep.miguellombardi@camara.leg.br,Exmo. Senhor Deputado,835
Milton Vieira ,dep.miltonvieira@camara.leg.br,Exmo. Senhor Deputado,344
Misael Varella ,dep.misaelvarella@camara.leg.br,Exmo. Senhor Deputado,721
Moses Rodrigues ,dep.mosesrodrigues@camara.leg.br,Exmo. Senhor Deputado,809
Natália Bonavides ,dep.nataliabonavides@camara.leg.br,Exma. Senhora Deputada,748
Nelson Barbudo ,dep.nelsonbarbudo@camara.leg.br,Exmo. Senhor Deputado,635
Nereu Crispim ,dep.nereucrispim@camara.leg.br,Exmo. Senhor Deputado,483
Neri Geller ,dep.nerigeller@camara.leg.br,Exmo. Senhor Deputado,658
Newton Cardoso Jr ,dep.newtoncardosojr@camara.leg.br,Exmo. Senhor Deputado,932
Ney Leprevost ,dep.neyleprevost@camara.leg.br,Exmo. Senhor Deputado,221
Nicoletti ,dep.nicoletti@camara.leg.br,Exmo. Senhor Deputado,287
Nilson Pinto ,dep.nilsonpinto@camara.leg.br,Exmo. Senhor Deputado,527
Nilto Tatto ,dep.niltotatto@camara.leg.br,Exmo. Senhor Deputado,502
Nivaldo Albuquerque ,dep.nivaldoalbuquerque@camara.leg.br,Exmo. Senhor Deputado,425
Norma Ayub ,dep.normaayub@camara.leg.br,Exma. Senhora Deputada,732
Odair Cunha ,dep.odaircunha@camara.leg.br,Exmo. Senhor Deputado,556
Olival Marques ,dep.olivalmarques@camara.leg.br,Exmo. Senhor Deputado,382
Orlando Silva ,dep.orlandosilva@camara.leg.br,Exmo. Senhor Deputado,923
Osires Damaso ,dep.osiresdamaso@camara.leg.br,Exmo. Senhor Deputado,474
Osmar Terra ,dep.osmarterra@camara.leg.br,Exmo. Senhor Deputado,927
Ossesio Silva ,dep.ossesiosilva@camara.leg.br,Exmo. Senhor Deputado,328
Otoni de Paula ,dep.otonidepaula@camara.leg.br,Exmo. Senhor Deputado,484
Ottaci Nascimento,dep.ottacinascimento@camara.leg.br,Exmo. Senhor Deputado,521
Otto Alencar Filho ,dep.ottoalencarfilho@camara.leg.br,Exmo. Senhor Deputado,444
Padre João ,dep.padrejoao@camara.leg.br,Exmo. Senhor Deputado,743
Pastor Eurico ,dep.pastoreurico@camara.leg.br,Exmo. Senhor Deputado,906
Pastor Gil,dep.pastorgil@camara.leg.br,Exmo. Senhor Deputado,660
Pastor Sargento Isidório ,dep.pastorsargentoisidorio@camara.leg.br,Exmo. Senhor Deputado,817
Patrus Ananias ,dep.patrusananias@camara.leg.br,Exmo. Senhor Deputado,720
Paula Belmonte ,dep.paulabelmonte@camara.leg.br,Exma. Senhora Deputada,440
Paulão ,dep.paulao@camara.leg.br,Exmo. Senhor Deputado,366
Paulo Abi-Ackel,dep.pauloabiackel@camara.leg.br,Exmo. Senhor Deputado,718
Paulo Azi ,dep.pauloazi@camara.leg.br,Exmo. Senhor Deputado,422
Paulo Bengtson ,dep.paulobengtson@camara.leg.br,Exmo. Senhor Deputado,505
Paulo Eduardo Martins ,dep.pauloeduardomartins@camara.leg.br,Exmo. Senhor Deputado,233
Paulo Freire Costa ,dep.paulofreirecosta@camara.leg.br,Exmo. Senhor Deputado,416
Paulo Ganime ,dep.pauloganime@camara.leg.br,Exmo. Senhor Deputado,230
Paulo Guedes ,dep.pauloguedes@camara.leg.br,Exmo. Senhor Deputado,833
Paulo Magalhães ,dep.paulomagalhaes@camara.leg.br,Exmo. Senhor Deputado,903
Paulo Marinho Jr ,dep.paulomarinhojr@camara.leg.br,Exmo. Senhor Deputado,513
Paulo Pereira da Silva ,dep.paulopereiradasilva@camara.leg.br,Exmo. Senhor Deputado,217
Paulo Pimenta ,dep.paulopimenta@camara.leg.br,Exmo. Senhor Deputado,552
Paulo Ramos ,dep.pauloramos@camara.leg.br,Exmo. Senhor Deputado,804
Paulo Teixeira ,dep.pauloteixeira@camara.leg.br,Exmo. Senhor Deputado,281
Pedro Augusto Bezerra ,dep.pedroaugustobezerra@camara.leg.br,Exmo. Senhor Deputado,413
Pedro Cunha Lima ,dep.pedrocunhalima@camara.leg.br,Exmo. Senhor Deputado,810
Pedro Lucas Fernandes ,dep.pedrolucasfernandes@camara.leg.br,Exmo. Senhor Deputado,814
Pedro Lupion ,dep.pedrolupion@camara.leg.br,Exmo. Senhor Deputado,375
Pedro Paulo ,dep.pedropaulo@camara.leg.br,Exmo. Senhor Deputado,727
Pedro Uczai ,dep.pedrouczai@camara.leg.br,Exmo. Senhor Deputado,229
Pedro Westphalen ,dep.pedrowestphalen@camara.leg.br,Exmo. Senhor Deputado,526
Perpétua Almeida ,dep.perpetuaalmeida@camara.leg.br,Exma. Senhora Deputada,310
Pinheirinho ,dep.pinheirinho@camara.leg.br,Exmo. Senhor Deputado,584
Policial Katia Sastre ,dep.policialkatiasastre@camara.leg.br,Exma. Senhora Deputada,428
Pompeo de Mattos ,dep.pompeodemattos@camara.leg.br,Exmo. Senhor Deputado,704
Pr. Marco Feliciano ,dep.pr.marcofeliciano@camara.leg.br,Exmo. Senhor Deputado,254
Professor Alcides ,dep.professoralcides@camara.leg.br,Exmo. Senhor Deputado,441
Professor Israel Batista ,dep.professorisraelbatista@camara.leg.br,Exmo. Senhor Deputado,854
Professor Joziel ,dep.professorjoziel@camara.leg.br,Exmo. Senhor Deputado,929
Professora Dayane Pimentel ,dep.professoradayanepimentel@camara.leg.br,Exma. Senhora Deputada,348
Professora Dorinha Seabra Rezende ,dep.professoradorinhaseabrarezende@camara.leg.br,Exma. Senhora Deputada,432
Professora Marcivania ,dep.professoramarcivania@camara.leg.br,Exma. Senhora Deputada,338
Professora Rosa Neide ,dep.professorarosaneide@camara.leg.br,Exma. Senhora Deputada,371
Rafael Motta ,dep.rafaelmotta@camara.leg.br,Exmo. Senhor Deputado,626
Raimundo Costa ,dep.raimundocosta@camara.leg.br,Exmo. Senhor Deputado,226
Raul Henry ,dep.raulhenry@camara.leg.br,Exmo. Senhor Deputado,707
Reginaldo Lopes ,dep.reginaldolopes@camara.leg.br,Exmo. Senhor Deputado,426
Rejane Dias ,dep.rejanedias@camara.leg.br,Exma. Senhora Deputada,624
Renildo Calheiros ,dep.renildocalheiros@camara.leg.br,Exmo. Senhor Deputado,915
Ricardo Barros ,dep.ricardobarros@camara.leg.br,Exmo. Senhor Deputado,412
Ricardo Guidi ,dep.ricardoguidi@camara.leg.br,Exmo. Senhor Deputado,407
Ricardo Izar ,dep.ricardoizar@camara.leg.br,Exmo. Senhor Deputado,634
Ricardo Silva,dep.ricardosilva@camara.leg.br,Exmo. Senhor Deputado,904
Ricardo Teobaldo ,dep.ricardoteobaldo@camara.leg.br,Exmo. Senhor Deputado,603
Robério Monteiro ,dep.roberiomonteiro@camara.leg.br,Exmo. Senhor Deputado,733
Roberto Alves ,dep.robertoalves@camara.leg.br,Exmo. Senhor Deputado,946
Roberto de Lucena ,dep.robertodelucena@camara.leg.br,Exmo. Senhor Deputado,235
Rodrigo Agostinho ,dep.rodrigoagostinho@camara.leg.br,Exmo. Senhor Deputado,801
Rodrigo Coelho ,dep.rodrigocoelho@camara.leg.br,Exmo. Senhor Deputado,329
Rodrigo de Castro ,dep.rodrigodecastro@camara.leg.br,Exmo. Senhor Deputado,701
Rodrigo Maia ,dep.rodrigomaia@camara.leg.br,Exmo. Senhor Deputado,5
Rogério Correia ,dep.rogeriocorreia@camara.leg.br,Exmo. Senhor Deputado,614
Rogério Peninha Mendonça ,dep.rogeriopeninhamendonca@camara.leg.br,Exmo. Senhor Deputado,656
Roman ,dep.roman@camara.leg.br,Exmo. Senhor Deputado,575
Ronaldo Carletto ,dep.ronaldocarletto@camara.leg.br,Exmo. Senhor Deputado,262
Ronaldo Martins ,dep.ronaldomartins@camara.leg.br,Exmo. Senhor Deputado,546
Rosana Valle ,dep.rosanavalle@camara.leg.br,Exma. Senhora Deputada,529
Rosangela Gomes ,dep.rosangelagomes@camara.leg.br,Exma. Senhora Deputada,438
Rose Modesto ,dep.rosemodesto@camara.leg.br,Exma. Senhora Deputada,414
Rubens Bueno ,dep.rubensbueno@camara.leg.br,Exmo. Senhor Deputado,916
Rubens Otoni ,dep.rubensotoni@camara.leg.br,Exmo. Senhor Deputado,501
Rui Falcão ,dep.ruifalcao@camara.leg.br,Exmo. Senhor Deputado,819
Ruy Carneiro ,dep.ruycarneiro@camara.leg.br,Exmo. Senhor Deputado,536
Sâmia Bomfim ,dep.samiabomfim@camara.leg.br,Exma. Senhora Deputada,623
Samuel Moreira ,dep.samuelmoreira@camara.leg.br,Exmo. Senhor Deputado,921
Sanderson ,dep.sanderson@camara.leg.br,Exmo. Senhor Deputado,354
Santini ,dep.santini@camara.leg.br,Exmo. Senhor Deputado,228
Sargento Fahur ,dep.sargentofahur@camara.leg.br,Exmo. Senhor Deputado,858
Schiavinato ,dep.schiavinato@camara.leg.br,Exmo. Senhor Deputado,746
Sebastião Oliveira ,dep.sebastiaooliveira@camara.leg.br,Exmo. Senhor Deputado,225
Sérgio Brito ,dep.sergiobrito@camara.leg.br,Exmo. Senhor Deputado,638
Sergio Souza ,dep.sergiosouza@camara.leg.br,Exmo. Senhor Deputado,702
Sergio Toledo ,dep.sergiotoledo@camara.leg.br,Exmo. Senhor Deputado,539
Sergio Vidigal ,dep.sergiovidigal@camara.leg.br,Exmo. Senhor Deputado,812
Severino Pessoa ,dep.severinopessoa@camara.leg.br,Exmo. Senhor Deputado,467
Shéridan ,dep.sheridan@camara.leg.br,Exma. Senhora Deputada,246
Sidney Leite ,dep.sidneyleite@camara.leg.br,Exmo. Senhor Deputado,266
Silas Câmara ,dep.silascamara@camara.leg.br,Exmo. Senhor Deputado,532
Silvia Cristina ,dep.silviacristina@camara.leg.br,Exma. Senhora Deputada,524
Silvio Costa Filho ,dep.silviocostafilho@camara.leg.br,Exmo. Senhor Deputado,402
Soraya Santos ,dep.sorayasantos@camara.leg.br,Exma. Senhora Deputada,324
Sóstenes Cavalcante ,dep.sostenescavalcante@camara.leg.br,Exmo. Senhor Deputado,560
Stefano Aguiar ,dep.stefanoaguiar@camara.leg.br,Exmo. Senhor Deputado,341
Subtenente Gonzaga ,dep.subtenentegonzaga@camara.leg.br,Exmo. Senhor Deputado,750
Tabata Amaral ,dep.tabataamaral@camara.leg.br,Exma. Senhora Deputada,848
Tadeu Alencar ,dep.tadeualencar@camara.leg.br,Exmo. Senhor Deputado,820
Tadeu Filippelli,dep.tadeufilippelli@camara.leg.br,Exmo. Senhor Deputado,260
Talíria Petrone ,dep.taliriapetrone@camara.leg.br,Exma. Senhora Deputada,617
Ted Conti ,dep.tedconti@camara.leg.br,Exmo. Senhor Deputado,839
Tereza Nelma ,dep.terezanelma@camara.leg.br,Exma. Senhora Deputada,322
Tiago Dimas ,dep.tiagodimas@camara.leg.br,Exmo. Senhor Deputado,269
Tiago Mitraud ,dep.tiagomitraud@camara.leg.br,Exmo. Senhor Deputado,544
Tiririca ,dep.tiririca@camara.leg.br,Exmo. Senhor Deputado,343
Toninho Wandscheer ,dep.toninhowandscheer@camara.leg.br,Exmo. Senhor Deputado,902
Túlio Gadêlha ,dep.tuliogadelha@camara.leg.br,Exmo. Senhor Deputado,360
Uldurico Junior ,dep.ulduricojunior@camara.leg.br,Exmo. Senhor Deputado,729
Valdevan Noventa ,dep.valdevannoventa@camara.leg.br,Exmo. Senhor Deputado,637
Valmir Assunção ,dep.valmirassuncao@camara.leg.br,Exmo. Senhor Deputado,739
Vander Loubet ,dep.vanderloubet@camara.leg.br,Exmo. Senhor Deputado,838
Vanderlei Macris ,dep.vanderleimacris@camara.leg.br,Exmo. Senhor Deputado,618
Vavá Martins ,dep.vavamartins@camara.leg.br,Exmo. Senhor Deputado,901
Vermelho ,dep.vermelho@camara.leg.br,Exmo. Senhor Deputado,920
Vicentinho ,dep.vicentinho@camara.leg.br,Exmo. Senhor Deputado,740
Vicentinho Júnior ,dep.vicentinhojunior@camara.leg.br,Exmo. Senhor Deputado,204
Vilson da Fetaemg ,dep.vilsondafetaemg@camara.leg.br,Exmo. Senhor Deputado,648
Vinicius Carvalho ,dep.viniciuscarvalho@camara.leg.br,Exmo. Senhor Deputado,356
Vinicius Farah ,dep.viniciusfarah@camara.leg.br,Exmo. Senhor Deputado,429
Vinicius Gurgel ,dep.viniciusgurgel@camara.leg.br,Exmo. Senhor Deputado,852
Vinicius Poit ,dep.viniciuspoit@camara.leg.br,Exmo. Senhor Deputado,558
Vitor Hugo ,dep.vitorhugo@camara.leg.br,Exmo. Senhor Deputado,803
Vitor Lippi ,dep.vitorlippi@camara.leg.br,Exmo. Senhor Deputado,823
Waldenor Pereira ,dep.waldenorpereira@camara.leg.br,Exmo. Senhor Deputado,954
Walter Alves ,dep.walteralves@camara.leg.br,Exmo. Senhor Deputado,435
Weliton Prado ,dep.welitonprado@camara.leg.br,Exmo. Senhor Deputado,250
Wellington Roberto ,dep.wellingtonroberto@camara.leg.br,Exmo. Senhor Deputado,514
Wilson Santiago ,dep.wilsonsantiago@camara.leg.br,Exmo. Senhor Deputado,534
Wladimir Garotinho ,dep.wladimirgarotinho@camara.leg.br,Exmo. Senhor Deputado,274
Wolney Queiroz ,dep.wolneyqueiroz@camara.leg.br,Exmo. Senhor Deputado,936
Zé Carlos ,dep.zecarlos@camara.leg.br,Exmo. Senhor Deputado,543
Zé Neto ,dep.zeneto@camara.leg.br,Exmo. Senhor Deputado,585
Zé Silva ,dep.zesilva@camara.leg.br,Exmo. Senhor Deputado,608
Zé Vitor ,dep.zevitor@camara.leg.br,Exmo. Senhor Deputado,525
Zeca Dirceu ,dep.zecadirceu@camara.leg.br,Exmo. Senhor Deputado,613